source_workbook,segment_start_m,segment_end_m,fracture_id,fracture_type_label,fracture_type,depth_m,aperture_mm,trace_length_mm,aperture_trace_product_mm2,dip_direction_deg,dip_angle_deg,normal_x,normal_y,normal_z,skeleton_pixel_count
segment_0m_to_5m-fracture_parameters.xlsx,0.0,5.0,1,无充填,unfilled,2.288848755799643,58.416608981645766,176.8410732022044,10330.45582514777,276.00442846966183,8.370598210932657,-0.144776702722713,0.015227958321226,0.989347166385039,639
segment_0m_to_5m-fracture_parameters.xlsx,0.0,5.0,2,胶结,cemented,2.615666688067427,30.541246802640856,165.54078450035496,5055.821955328125,232.13363652157935,68.97384039364178,-0.73688075787016,-0.572951569281832,0.358794158171764,316
segment_0m_to_5m-fracture_parameters.xlsx,0.0,5.0,3,充填,filled,3.39700255439296,7.725828487728821,572.0857324211765,4419.836248962733,56.218306806372134,53.544820574267376,0.668521957134821,0.447227180786784,0.594193774449155,1064
segment_0m_to_5m-fracture_parameters.xlsx,0.0,5.0,4,充填,filled,3.661362234964776,8.841106473476271,556.1311643893313,4916.814837584413,112.4123353087444,73.57193203386574,0.886723234439116,-0.365704299143797,0.282811370163182,1395
segment_0m_to_5m-fracture_parameters.xlsx,0.0,5.0,5,充填,filled,4.032123513951457,9.535354083390896,259.27208019121736,2472.251088560576,65.16804056781562,17.83502026407421,0.277959848293632,0.128623677674893,0.951942368149441,936
segment_0m_to_5m-fracture_parameters.xlsx,0.0,5.0,6,充填,filled,4.530877449961701,5.772063522921571,408.85543797335697,2359.939559674137,45.35212368535381,58.15143049368749,0.604328858107092,0.596946068597905,0.527676058244529,590
segment_0m_to_5m-fracture_parameters.xlsx,0.0,5.0,7,充填,filled,4.594978938161614,8.474460650959845,547.8857245291971,4643.036013745305,61.744318467925446,64.93243660872393,0.797876067952668,0.42881624231177,0.42368668909703,1027
segment_5m_to_10m-fracture_parameters.xlsx,5.0,10.0,1,充填,filled,5.140901371851678,9.301137239699031,105.97395239162235,985.6782750278109,313.0544897304891,81.5840578775384,-0.722836287258544,0.675342102597167,0.146358280537595,375
segment_5m_to_10m-fracture_parameters.xlsx,5.0,10.0,2,充填,filled,5.174584259067935,11.246273896682196,260.7973113019896,2932.9979944204665,115.99185694867462,53.277158389045915,0.72046691116887,-0.351268447357335,0.59794473641128,829
segment_5m_to_10m-fracture_parameters.xlsx,5.0,10.0,3,充填,filled,5.470633644192643,4.444798443642017,709.0991148625742,3151.8026421291015,210.71806319036608,83.41736968864566,-0.507446463043135,-0.85402381439419,0.11463599605975,517
segment_5m_to_10m-fracture_parameters.xlsx,5.0,10.0,4,充填,filled,5.954683961262089,3.766664689819014,169.89332696674845,639.931195721528,69.7055806677201,51.759151115324144,0.736659325781144,0.272416992506981,0.618968512876965,542
segment_5m_to_10m-fracture_parameters.xlsx,5.0,10.0,5,充填,filled,6.898266150378941,8.371869195311847,493.3511058369281,4130.270925429213,146.0865181450757,47.588134278227336,0.411936143873548,-0.612714171534682,0.674455304205668,1163
segment_5m_to_10m-fracture_parameters.xlsx,5.0,10.0,6,充填,filled,7.257322355219187,30.65950595774913,111.02223917541403,3403.8870034412553,6.815762915390712,74.5066425697762,0.114364585497353,0.956851133251706,0.267126656062146,374
segment_5m_to_10m-fracture_parameters.xlsx,5.0,10.0,7,充填,filled,9.197466642101851,21.551718828269248,958.4578877456792,20656.414905431728,321.9018438447937,69.86054467882893,-0.579284906688925,0.738838392800049,0.344306297077246,1588
segment_10m_to_15m-fracture_parameters.xlsx,10.0,15.0,1,充填,filled,10.76221684800085,12.13797122332338,279.1000318877988,3387.7081554827396,121.29763359080953,38.51116318489624,0.532056765145648,-0.32346548620433,0.782486854776069,938
segment_10m_to_15m-fracture_parameters.xlsx,10.0,15.0,2,充填,filled,11.920562233281348,16.022697225404652,3415.9359402145574,54732.507311435824,282.47789974332824,83.06996726491039,-0.969246219917853,0.214484512775422,0.120657196032572,3285
segment_10m_to_15m-fracture_parameters.xlsx,10.0,15.0,3,充填,filled,12.140916762813985,14.382536203390318,180.12587610845088,2590.666934297194,152.07064503581657,32.59790297996527,0.252336387709718,-0.475990632479027,0.842472115401944,618
segment_10m_to_15m-fracture_parameters.xlsx,10.0,15.0,4,充填,filled,13.535839165527133,18.600314855696134,160.17671738311034,2979.3373758777084,182.70184874610635,35.64380274580832,-0.027469803522406,-0.582096612024913,0.81265548922256,548
segment_10m_to_15m-fracture_parameters.xlsx,10.0,15.0,5,充填,filled,14.690016606204992,15.809416536234734,444.34853595282004,7024.8910921442075,126.99713809670725,24.523363487780532,0.331497535890657,-0.249775351106675,0.909792095853751,1079
segment_15m_to_20m-fracture_parameters.xlsx,15.0,20.0,1,充填,filled,15.144059803873485,13.633421769694172,633.3582397409812,8634.840013699873,322.22705814765163,57.694961383729925,-0.517722683751396,0.668095312367651,0.534426680024138,869
segment_15m_to_20m-fracture_parameters.xlsx,15.0,20.0,2,充填,filled,15.7721462845636,15.693230006423459,5093.580690700222,79934.73333543584,269.9093182091684,82.44035552223987,-0.991307205834774,-0.001568939082638,0.131558207992542,3145
segment_15m_to_20m-fracture_parameters.xlsx,15.0,20.0,3,充填,filled,16.26353737130295,4.422730783168483,409.14298256405607,1809.5292637034165,156.48561521868515,11.211096274544351,0.077571280440191,-0.178279317071049,0.980917520261286,749
segment_15m_to_20m-fracture_parameters.xlsx,15.0,20.0,4,胶结,cemented,16.465828776149234,24.195443224239913,610.7775247479021,14778.032922679655,346.8818685619379,70.0948598050183,-0.213400404885082,0.915720807035579,0.340463905219028,982
segment_15m_to_20m-fracture_parameters.xlsx,15.0,20.0,5,胶结,cemented,16.658855327856777,15.221147671094503,485.758795233324,7393.806354779381,25.257680537154133,68.8302007603268,0.397894500561935,0.843364012814931,0.361133089471548,1142
segment_15m_to_20m-fracture_parameters.xlsx,15.0,20.0,6,充填,filled,16.846047787406174,30.318183869435526,221.99514081233974,6730.489497269747,10.216270323907295,65.18496724317528,0.160987715857268,0.893276584056127,0.419690242583833,486
segment_15m_to_20m-fracture_parameters.xlsx,15.0,20.0,7,充填,filled,18.951278809082805,12.24277470482777,359.0336919314882,4395.56860175975,349.7285507954156,58.477487168791924,-0.151999283357623,0.83877368860244,0.522833546329064,1156
segment_15m_to_20m-fracture_parameters.xlsx,15.0,20.0,8,充填,filled,19.15260568276848,5.929155630873631,154.5572176825052,916.3937975143873,344.6044044586803,52.061043437309884,-0.209376693587303,0.760365592569556,0.614821572343389,514
segment_15m_to_20m-fracture_parameters.xlsx,15.0,20.0,9,充填,filled,19.34230773023032,34.70103467802606,910.2165966093802,31585.45768345696,351.1490345558457,49.14203872789611,-0.116373141758192,0.747327167027615,0.654186057096762,1610
segment_15m_to_20m-fracture_parameters.xlsx,15.0,20.0,10,无充填,unfilled,19.82617066108941,15.870685579246768,810.0220421419259,12855.60514309388,150.32679162560038,76.99562501671141,0.482355773590215,-0.846579265343443,0.225025454504023,1337
segment_15m_to_20m-fracture_parameters.xlsx,15.0,20.0,11,无充填,unfilled,19.899164401026376,9.666830978036765,251.31931495318804,2429.4613391684566,117.58862698162574,83.60025047862945,0.880772491000173,-0.460234141247605,0.111464587773114,884
segment_20m_to_25m-fracture_parameters.xlsx,20.0,25.0,1,充填,filled,20.673908548383988,10.287165443117235,933.1220113994319,9599.180509880283,330.8575004271783,70.84716594422287,-0.460027272708504,0.825065109676801,0.328089123803859,1585
segment_20m_to_25m-fracture_parameters.xlsx,20.0,25.0,2,充填,filled,20.768883668110306,18.38105819073662,316.8046428251699,5823.204574864978,324.969202029513,67.03746921422206,-0.528531691211336,0.753958592819994,0.390129070562779,1057
segment_20m_to_25m-fracture_parameters.xlsx,20.0,25.0,3,充填,filled,21.154598644634742,33.43441846691991,632.8768083010498,21159.86804674595,348.4815020939139,59.141115515017304,-0.171415626355435,0.841144604841549,0.512925371557237,1442
segment_20m_to_25m-fracture_parameters.xlsx,20.0,25.0,4,充填,filled,21.23363240317086,16.46802646255314,81.4160698319706,1340.7619924699663,312.5928862865683,74.0451499839853,-0.707822396394008,0.65071388586002,0.274879780835182,280
segment_20m_to_25m-fracture_parameters.xlsx,20.0,25.0,5,充填,filled,21.304909352341124,16.16340861721684,565.3784164137412,9138.442367850277,357.15830734637797,53.17046364659845,-0.039682194017645,0.799438205401142,0.599436301222196,1079
segment_20m_to_25m-fracture_parameters.xlsx,20.0,25.0,6,充填,filled,21.46347724558649,36.567978516950554,834.3310830411888,30509.80112067428,320.1435529234897,65.50192015631252,-0.58317241165489,0.698544733472932,0.414662746845976,1900
segment_20m_to_25m-fracture_parameters.xlsx,20.0,25.0,7,充填,filled,21.722902275471235,8.312586423328506,699.0253752205298,5810.70884362029,355.8020678738604,69.62241066143801,-0.068621081441882,0.934903277346027,0.348205412349384,1526
segment_20m_to_25m-fracture_parameters.xlsx,20.0,25.0,8,充填,filled,21.882202698328143,12.788096314866497,345.80862789754303,4422.234040065609,150.17880903283458,49.50817290240001,0.378192052792755,-0.659794580464912,0.649339574331899,768
segment_20m_to_25m-fracture_parameters.xlsx,20.0,25.0,9,充填,filled,21.902839174151147,15.506763888495945,216.7114809711274,3360.4937673455543,60.85823406800298,82.90649804132198,0.866732293736862,0.483244880289358,0.12348893338175,710
segment_20m_to_25m-fracture_parameters.xlsx,20.0,25.0,10,充填,filled,22.128624422237962,29.71345467778982,1036.652071855408,30802.51435371258,316.39490805342115,77.8896207180223,-0.674335154759868,0.707995669879932,0.209795687482493,1474
segment_20m_to_25m-fracture_parameters.xlsx,20.0,25.0,11,充填,filled,22.83381896841521,16.465730815099864,1617.3131750743637,26630.243384488953,140.61101559889596,80.79767451051485,0.626414724646504,-0.762908766246814,0.159921252902195,1637
segment_20m_to_25m-fracture_parameters.xlsx,20.0,25.0,12,充填,filled,23.02411204248704,20.134375887139747,115.56271283061399,2326.7830986691692,37.6255520314094,73.99366920067982,0.586830167208922,0.761311920341718,0.275743567103849,396
segment_20m_to_25m-fracture_parameters.xlsx,20.0,25.0,13,充填,filled,23.367354182596642,5.100262544192342,387.2889602701806,1975.2753778451981,19.97726843052854,44.721568497028876,0.240404301510672,0.66132163268168,0.710534636708445,765
segment_20m_to_25m-fracture_parameters.xlsx,20.0,25.0,14,充填,filled,23.572950342770294,5.901751231476438,121.67958272123997,718.1226271706171,77.72875650548555,27.41683831238564,0.449940244585842,0.097866305708062,0.887680101449328,414
segment_20m_to_25m-fracture_parameters.xlsx,20.0,25.0,15,充填,filled,23.575574006630077,11.377384400110596,164.89419620992103,1876.0646556275315,58.90535252104005,44.49936831083942,0.600192617648922,0.361982865791577,0.713258176674513,520
segment_20m_to_25m-fracture_parameters.xlsx,20.0,25.0,16,充填,filled,24.29461790669715,8.530632087727676,71.96254281030457,613.8859768120608,22.329521138723837,79.87886784908811,0.374020465330154,0.910619415793876,0.175729824143302,239
segment_20m_to_25m-fracture_parameters.xlsx,20.0,25.0,17,充填,filled,24.412113853041507,7.280017321877651,400.8883696015425,2918.4742748385192,352.15219932690064,60.698889290558796,-0.119072861642382,0.863892309726401,0.489399357187848,1298
segment_20m_to_25m-fracture_parameters.xlsx,20.0,25.0,18,充填,filled,24.834466191915432,8.139980460568033,768.7372425340584,6257.506133538184,314.1593016637387,75.98279153650597,-0.696043465629704,0.67591139035696,0.242213307520275,1914
segment_25m_to_30m-fracture_parameters.xlsx,25.0,30.0,1,充填,filled,25.179195278497986,1.998331862312076,160.93970401689322,321.61093844803247,134.3906327880714,62.93916430659494,0.636356911999727,-0.622962955614588,0.454936299367405,544
segment_25m_to_30m-fracture_parameters.xlsx,25.0,30.0,2,充填,filled,25.80732170096256,1.8342124356323,80.32227524120695,147.32811610570218,117.18632777211481,70.31987068858544,0.837565926708515,-0.430197794535314,0.336768727755203,257
segment_25m_to_30m-fracture_parameters.xlsx,25.0,30.0,3,充填,filled,26.06046135366521,13.190526609285762,170.2432290758746,2245.5978431760554,313.2992426129808,9.353492641373139,-0.118282814677446,0.111461133830046,0.986704409333059,596
segment_25m_to_30m-fracture_parameters.xlsx,25.0,30.0,4,充填,filled,27.18130660853484,20.979779084890712,763.397110581746,16015.902734048917,25.528405737492022,47.22906250759263,0.316355621601295,0.662407998452513,0.679069042342083,1182
segment_25m_to_30m-fracture_parameters.xlsx,25.0,30.0,5,充填,filled,27.724040597163878,5.406268139520366,473.61182090405475,2560.4724978538165,54.20504635259515,45.78401450794871,0.581339396981672,0.419197366438118,0.697365093396804,895
segment_25m_to_30m-fracture_parameters.xlsx,25.0,30.0,6,充填,filled,28.129910733411176,12.884977328058833,620.0545036529494,7989.388221729026,11.634010807759452,37.709237708451035,0.123345876465633,0.599088594796497,0.791124927140893,1107
segment_25m_to_30m-fracture_parameters.xlsx,25.0,30.0,7,充填,filled,28.73498718044395,49.06923094633523,591.6868942592309,29033.620862326035,136.24600430217606,27.529364655259794,0.319642799003588,-0.333856611440319,0.886774065950702,821
segment_25m_to_30m-fracture_parameters.xlsx,25.0,30.0,8,充填,filled,29.084281434509407,9.714216122865043,117.51474744319839,1141.5636542871314,5.348097197551535,37.83545744985958,0.057172438242061,0.610725691918434,0.789775564028292,380
segment_25m_to_30m-fracture_parameters.xlsx,25.0,30.0,9,充填,filled,29.246929970452,18.54645064600374,595.7630348542191,11049.28972263718,329.70198755047534,59.651078107420695,-0.43536355480987,0.745094765890228,0.505264648462862,994
segment_25m_to_30m-fracture_parameters.xlsx,25.0,30.0,10,充填,filled,29.38674065359453,15.521475565929725,1277.6961970325763,19831.730302922464,273.0992993935023,78.39587418175539,-0.978127994959247,0.052961523121471,0.201148458969132,1700
segment_30m_to_35m-fracture_parameters.xlsx,30.0,35.0,1,充填,filled,33.009180617257144,7.053146560114399,440.042547500858,3103.6845802096536,93.7690359465466,78.82519851752213,0.978918629619232,-0.064488356990325,0.193802911219347,772
segment_30m_to_35m-fracture_parameters.xlsx,30.0,35.0,2,充填,filled,33.038071194013405,5.066412459823373,452.008247972909,2290.060219472879,96.58447150164949,33.977737194358355,0.555184352509576,-0.064084543710936,0.829254789546545,853
segment_30m_to_35m-fracture_parameters.xlsx,30.0,35.0,3,胶结,cemented,34.25721796541983,5.604058213077573,123.59290424543084,692.6218301147168,101.14956287956821,39.83208333241268,0.628450104006921,-0.123861661162282,0.76792496747261,415
segment_30m_to_35m-fracture_parameters.xlsx,30.0,35.0,4,胶结,cemented,34.3470139901106,9.888838462882413,549.6971292011232,5435.86611418011,102.76462098901351,62.10087979068965,0.861931227479874,-0.195266351204741,0.467916243768288,1228
segment_30m_to_35m-fracture_parameters.xlsx,30.0,35.0,5,胶结,cemented,34.495635906163464,23.467440291650558,326.18293022800856,7654.678439281411,92.48110513907234,60.471174463244154,0.869292166346779,-0.037666900264525,0.492861374173901,642
segment_30m_to_35m-fracture_parameters.xlsx,30.0,35.0,6,胶结,cemented,34.589829668814524,3.668964277576146,199.81553572181343,733.1160626680737,105.7648760745446,57.21150621675204,0.809053140448487,-0.228403368878557,0.541539395626363,653
segment_30m_to_35m-fracture_parameters.xlsx,30.0,35.0,7,胶结,cemented,34.66783805602884,4.367451866463095,132.88039381815918,580.3487239974704,83.2497726300551,53.45005205118299,0.79776926806792,0.094425425370806,0.595523327813376,428
segment_35m_to_40m-fracture_parameters.xlsx,35.0,40.0,1,胶结,cemented,36.07197719434985,5.342458006012277,313.82579686003714,1676.6011409280877,102.55206332508148,46.02740554478129,0.702471054815573,-0.156403909964013,0.694314218559771,1023
segment_35m_to_40m-fracture_parameters.xlsx,35.0,40.0,2,胶结,cemented,36.30787522944574,1.635350578470325,113.59717661356629,185.7712084875913,67.1663090797205,12.430833006285157,0.198391988328464,0.083533618548703,0.976556579794145,429
segment_35m_to_40m-fracture_parameters.xlsx,35.0,40.0,3,充填,filled,36.62420255044576,4.193676930887618,461.62113614851893,1935.8899094761764,110.52746160812801,50.52303665784721,0.722869133404856,-0.270664665633696,0.635767925227368,918
segment_35m_to_40m-fracture_parameters.xlsx,35.0,40.0,4,胶结,cemented,37.57651481246715,3.366920867932077,287.4172976056343,967.7112971130542,98.72485745571471,51.83665556571794,0.777153986853896,-0.119266352877165,0.617905508786314,425
segment_35m_to_40m-fracture_parameters.xlsx,35.0,40.0,5,胶结,cemented,37.690887456542484,3.483965612082618,191.88492330182132,668.5204742606562,93.06400818597231,56.10581036681921,0.828882212135999,-0.0443684628177,0.557660934539731,616
segment_35m_to_40m-fracture_parameters.xlsx,35.0,40.0,6,胶结,cemented,38.063097246799515,2.816448480296911,365.4354510931631,1029.2301208779556,95.00922979087053,47.28462484150056,0.731926382073059,-0.064154071324369,0.678356857677395,505
segment_35m_to_40m-fracture_parameters.xlsx,35.0,40.0,7,胶结,cemented,38.236787954089046,4.396589660524301,347.15440057994965,1526.295448195318,107.03881734175461,26.401362432253713,0.425138930096017,-0.130293029957787,0.895701187037973,639
segment_35m_to_40m-fracture_parameters.xlsx,35.0,40.0,8,胶结,cemented,39.126414449255435,5.134459157080524,673.3786107521903,3457.4349741587453,89.16271810196635,59.25555348572331,0.859364198896358,0.012559063100727,0.511209784324647,1208
segment_35m_to_40m-fracture_parameters.xlsx,35.0,40.0,9,充填,filled,39.830784286376144,7.904756061737165,727.0941556821228,5747.501934581926,139.92966223754763,72.8262664663171,0.61502619205699,-0.731134980815265,0.295270084688814,1515
segment_35m_to_40m-fracture_parameters.xlsx,35.0,40.0,10,充填,filled,39.936109924518036,9.3191289648774,836.1040129978147,7791.7611251781655,146.36154418947103,57.890376897754535,0.469214135085585,-0.705196724305884,0.531540850230852,1153
segment_40m_to_45m-fracture_parameters.xlsx,40.0,45.0,1,胶结,cemented,40.04888051931952,6.082582968019333,481.7806202539087,2930.470595078215,85.75843542858023,57.682837454046606,0.842787072007032,0.062505134062081,0.534605517623691,871
segment_40m_to_45m-fracture_parameters.xlsx,40.0,45.0,2,胶结,cemented,40.141816924779704,4.454790116740717,163.60430229540032,728.8228289218099,100.29599979088026,60.71366211941304,0.858141582791082,-0.155888865796717,0.489174493821407,519
segment_40m_to_45m-fracture_parameters.xlsx,40.0,45.0,3,充填,filled,41.86145322120405,8.074830690078494,315.0948048974153,2544.337200869945,212.14242802130363,50.94362844435307,-0.413132037365299,-0.657506802343002,0.63008469635048,1038
segment_40m_to_45m-fracture_parameters.xlsx,40.0,45.0,4,充填,filled,42.15201337436518,7.084638521298933,341.84027663859365,2421.8147920052643,95.85968061360397,66.2001369013446,0.910179877265437,-0.09341064853071,0.403543110165626,1179
segment_40m_to_45m-fracture_parameters.xlsx,40.0,45.0,5,充填,filled,42.60283644508823,3.647874870780618,123.36420916506479,450.0171985669638,186.31477608202337,24.740600256269786,-0.046032265249959,-0.415971482615015,0.908211845445226,429
segment_40m_to_45m-fracture_parameters.xlsx,40.0,45.0,6,充填,filled,42.692575981849046,7.229469005099682,297.342411351277,2149.627746765657,117.54391071729921,39.62628322061172,0.565489583075164,-0.294926290620252,0.770220757013505,978
segment_40m_to_45m-fracture_parameters.xlsx,40.0,45.0,7,充填,filled,42.866027270064656,10.454947543173958,221.66757303277373,2317.5228480803316,227.43425786549204,44.756410385793515,-0.518566536082088,-0.476274456687763,0.710106604364867,731
segment_40m_to_45m-fracture_parameters.xlsx,40.0,45.0,8,充填,filled,43.031655916335644,7.362643131058321,482.6520995033811,3553.595165099446,38.10937465373104,66.27830125795292,0.565020572739876,0.720354683148085,0.402294522517179,1003
segment_40m_to_45m-fracture_parameters.xlsx,40.0,45.0,9,胶结,cemented,43.22445539086031,16.92584971359145,205.81024745778606,3483.513317987554,168.2848279327455,40.36055168311774,0.131492042262971,-0.634105416067529,0.761984359508343,510
segment_40m_to_45m-fracture_parameters.xlsx,40.0,45.0,10,充填,filled,43.35875877432973,5.997268589912345,886.9175591582728,5319.082819381633,21.22133057193804,60.31608364911581,0.31447030382831,0.80985845486785,0.495214813075286,1554
segment_40m_to_45m-fracture_parameters.xlsx,40.0,45.0,11,充填,filled,43.51062601813143,12.531190480727807,192.88352201585948,2417.0601549743906,239.61829712176922,23.88171578830835,-0.349253900517014,-0.204756151061539,0.914383197339122,361
segment_40m_to_45m-fracture_parameters.xlsx,40.0,45.0,12,充填,filled,44.38121642097452,12.20227736734453,1459.1686445928917,17805.18052705464,336.297499659011,76.95372979893054,-0.391611661371282,0.89201049858868,0.225737850360987,2813
